User Input,Chatbot Response,Timestamp
hi,Hello,2025-03-12 20:52:22
hhi,"Gardening tips include choosing the right plants for your climate, watering properly, and using organic fertilizers.",2025-03-12 20:52:33
food,"I may not have taste buds, but I can assist you in finding recipes or restaurants!",2025-03-12 20:52:47
how to open browser,"Mindfulness is the practice of being fully present in the moment, observing thoughts and feelings without judgment.",2025-03-12 20:53:08
what is your name,You can call me Chatbot.,2025-03-12 20:54:18
ok,Growing a vegetable garden allows you to enjoy fresh produce and connect with nature.,2025-03-12 20:54:28
how old are you,I am a chatbot,2025-03-12 20:54:45
2+3 calculate sum,Growing a vegetable garden allows you to enjoy fresh produce and connect with nature.,2025-03-12 20:55:07
hello,Nothing much,2025-03-12 21:02:22
how are you,I can answer questions and provide assistance,2025-03-12 21:02:32
what happen,My purpose is to assist you,2025-03-12 21:02:54
thank ,You're welcome,2025-03-12 21:03:04
good night,Growing a vegetable garden allows you to enjoy fresh produce and connect with nature.,2025-03-12 21:09:25
machine learning,Machine learning is a subset of AI that enables systems to learn from data and improve performance over time.,2025-03-12 21:15:48
what is DS,I can answer questions and provide assistance,2025-03-12 21:18:13
what is AI AND ML,"Mindfulness is the practice of being fully present in the moment, observing thoughts and feelings without judgment.",2025-03-12 21:18:26
AL,"Gardening tips include choosing the right plants for your climate, watering properly, and using organic fertilizers.",2025-03-12 21:18:38
AI,"AI has diverse applications, including voice assistants, self-driving cars, recommendation systems, and medical diagnostics.",2025-03-12 21:18:44
machine learning,"ML has applications in image recognition, natural language processing, recommendation systems, and predictive analytics.",2025-03-12 21:51:44
AI,"AI has diverse applications, including voice assistants, self-driving cars, recommendation systems, and medical diagnostics.",2025-03-12 21:51:58
DBMS,"Gardening tips include choosing the right plants for your climate, watering properly, and using organic fertilizers.",2025-03-12 21:52:05
how to run python code,"Mindfulness techniques include meditation, deep breathing, body scanning, and mindful eating.",2025-03-13 18:34:54
how to run python ,"Mindfulness techniques include meditation, deep breathing, body scanning, and mindful eating.",2025-03-13 18:37:42
dbms,Technology is constantly evolving. Stay updated with tech blogs and news sites to know about the latest advancements!,2025-03-13 18:49:58
what is dbms,"As an AI language model, I don't have real-time data, but you can check technology news websites for the latest updates.",2025-03-13 18:50:15
what is data structure,"As an AI language model, I don't have real-time data, but you can check technology news websites for the latest updates.",2025-03-13 18:50:41
hi,Hey,2025-03-13 18:56:11
what is AI,"As an AI language model, I don't have real-time data, but you can check technology news websites for the latest updates.",2025-03-13 18:56:20
how work machine learning,Technology is constantly evolving. Stay updated with tech blogs and news sites to know about the latest advancements!,2025-03-13 18:56:40
how are you?,I can answer questions and provide assistance,2025-03-16 15:43:56
how are you,I can answer questions and provide assistance,2025-03-16 15:44:05
what is data structure,Technology is constantly evolving. Stay updated with tech blogs and news sites to know about the latest advancements!,2025-03-16 15:44:30
what is AI,"As an AI language model, I don't have real-time data, but you can check technology news websites for the latest updates.",2025-03-16 15:44:40
what is ML,"As an AI language model, I don't have real-time data, but you can check technology news websites for the latest updates.",2025-03-16 15:46:20
Machine Learning,"As an AI language model, I don't have real-time data, but you can check technology news websites for the latest updates.",2025-03-16 15:46:31
Tell me about art,Technology is constantly evolving. Stay updated with tech blogs and news sites to know about the latest advancements!,2025-03-16 15:47:38
How can you assist with technology,I am a chatbot,2025-03-16 15:48:07
What's your favorite music,My purpose is to assist you,2025-03-16 15:49:33
Tell me about music genres,Technology is constantly evolving. Stay updated with tech blogs and news sites to know about the latest advancements!,2025-03-16 15:49:59
What's your favorite music,My purpose is to assist you,2025-03-16 15:56:43
hi,"I'm fine, thank you",2025-03-16 15:57:09
how are you,I am a chatbot,2025-03-16 15:57:18
who are you,I am a chatbot,2025-03-16 15:57:30
